INSERT INTO SUBBREDDITS  (SUBREDDIT_ID , name) VALUES (1, 'almafa');
INSERT INTO SUBBREDDITS  (SUBREDDIT_ID , name) VALUES (2, 'hajrafradi');
INSERT INTO SUBBREDDITS  (SUBREDDIT_ID , name) VALUES (3, 'körte');
INSERT INTO SUBBREDDITS  (SUBREDDIT_ID , name) VALUES (4, 'valszam');

INSERT INTO REDDIT_USER  (USER_ID, PASSWORD, REGISTRATION_DATE, USER_ROLE, USERNAME) VALUES (1, 'asd', '1998-12-02', 'NORMAL', 'asd');
INSERT INTO REDDIT_USER  (USER_ID, PASSWORD, REGISTRATION_DATE, USER_ROLE, USERNAME) VALUES (2, 'alamaf', '1998-12-02', 'MODERATOR', 'peti');

INSERT INTO REDDIT_POST  (POST_ID, CONTENT, CREATED_AT, TITLE, PIC, VOTES, PARENT_ID, USER_ID) VALUES (0, 'NULL', '2019-12-20', 'We''re', '/images/0.png',  2, 1, 1);
INSERT INTO REDDIT_POST  (POST_ID, CONTENT, CREATED_AT, TITLE, PIC, VOTES, PARENT_ID, USER_ID) VALUES (1, 'NULL', '2019-12-20', 'talking', '/images/1.png',  2, 2, 1);
INSERT INTO REDDIT_POST  (POST_ID, CONTENT, CREATED_AT, TITLE, PIC, VOTES, PARENT_ID, USER_ID) VALUES (2, 'NULL', '2019-12-20', 'away', '/images/2.png',  2, 3, 1);
INSERT INTO REDDIT_POST  (POST_ID, CONTENT, CREATED_AT, TITLE, PIC, VOTES, PARENT_ID, USER_ID) VALUES (3, 'NULL', '2019-12-20', 'I', '/images/3.png',  2, 4, 1);
INSERT INTO REDDIT_POST  (POST_ID, CONTENT, CREATED_AT, TITLE, PIC, VOTES, PARENT_ID, USER_ID) VALUES (4, 'NULL', '2019-12-20', 'don''t', '/images/4.png',  2, 1, 1);
INSERT INTO REDDIT_POST  (POST_ID, CONTENT, CREATED_AT, TITLE, PIC, VOTES, PARENT_ID, USER_ID) VALUES (5, 'NULL', '2019-12-20', 'know', '/images/5.png',  2, 2, 1);
INSERT INTO REDDIT_POST  (POST_ID, CONTENT, CREATED_AT, TITLE, PIC, VOTES, PARENT_ID, USER_ID) VALUES (6, 'NULL', '2019-12-20', 'what', '/images/6.png',  2, 3, 1);
INSERT INTO REDDIT_POST  (POST_ID, CONTENT, CREATED_AT, TITLE, PIC, VOTES, PARENT_ID, USER_ID) VALUES (7, 'NULL', '2019-12-20', 'I''m', '/images/7.png',  2, 4, 1);
INSERT INTO REDDIT_POST  (POST_ID, CONTENT, CREATED_AT, TITLE, PIC, VOTES, PARENT_ID, USER_ID) VALUES (8, 'NULL', '2019-12-20', 'to', '/images/8.png',  2, 1, 1);
INSERT INTO REDDIT_POST  (POST_ID, CONTENT, CREATED_AT, TITLE, PIC, VOTES, PARENT_ID, USER_ID) VALUES (9, 'NULL', '2019-12-20', 'say', '/images/9.png',  2, 2, 1);
INSERT INTO REDDIT_POST  (POST_ID, CONTENT, CREATED_AT, TITLE, PIC, VOTES, PARENT_ID, USER_ID) VALUES (10, 'NULL', '2019-12-20', 'I''ll', '/images/10.png',  2, 3, 1);
INSERT INTO REDDIT_POST  (POST_ID, CONTENT, CREATED_AT, TITLE, PIC, VOTES, PARENT_ID, USER_ID) VALUES (11, 'NULL', '2019-12-20', 'say', '/images/11.png',  2, 4, 1);
INSERT INTO REDDIT_POST  (POST_ID, CONTENT, CREATED_AT, TITLE, PIC, VOTES, PARENT_ID, USER_ID) VALUES (12, 'NULL', '2019-12-20', 'it', '/images/12.png',  2, 1, 1);
INSERT INTO REDDIT_POST  (POST_ID, CONTENT, CREATED_AT, TITLE, PIC, VOTES, PARENT_ID, USER_ID) VALUES (13, 'NULL', '2019-12-20', 'anyway', '/images/13.png',  2, 2, 1);
INSERT INTO REDDIT_POST  (POST_ID, CONTENT, CREATED_AT, TITLE, PIC, VOTES, PARENT_ID, USER_ID) VALUES (14, 'NULL', '2019-12-20', 'Today''s', '/images/14.png',  2, 3, 1);
INSERT INTO REDDIT_POST  (POST_ID, CONTENT, CREATED_AT, TITLE, PIC, VOTES, PARENT_ID, USER_ID) VALUES (15, 'NULL', '2019-12-20', 'another', '/images/15.png',  2, 4, 1);
INSERT INTO REDDIT_POST  (POST_ID, CONTENT, CREATED_AT, TITLE, PIC, VOTES, PARENT_ID, USER_ID) VALUES (16, 'NULL', '2019-12-20', 'day', '/images/16.png',  2, 1, 1);
INSERT INTO REDDIT_POST  (POST_ID, CONTENT, CREATED_AT, TITLE, PIC, VOTES, PARENT_ID, USER_ID) VALUES (17, 'NULL', '2019-12-20', 'to', '/images/17.png',  2, 2, 1);
INSERT INTO REDDIT_POST  (POST_ID, CONTENT, CREATED_AT, TITLE, PIC, VOTES, PARENT_ID, USER_ID) VALUES (18, 'NULL', '2019-12-20', 'find', '/images/18.png',  2, 3, 1);
INSERT INTO REDDIT_POST  (POST_ID, CONTENT, CREATED_AT, TITLE, PIC, VOTES, PARENT_ID, USER_ID) VALUES (19, 'NULL', '2019-12-20', 'you', '/images/19.png',  2, 4, 1);
INSERT INTO REDDIT_POST  (POST_ID, CONTENT, CREATED_AT, TITLE, PIC, VOTES, PARENT_ID, USER_ID) VALUES (20, 'NULL', '2019-12-20', 'Shying', '/images/20.png',  2, 1, 1);
INSERT INTO REDDIT_POST  (POST_ID, CONTENT, CREATED_AT, TITLE, PIC, VOTES, PARENT_ID, USER_ID) VALUES (21, 'NULL', '2019-12-20', 'away', '/images/21.png',  2, 2, 1);
INSERT INTO REDDIT_POST  (POST_ID, CONTENT, CREATED_AT, TITLE, PIC, VOTES, PARENT_ID, USER_ID) VALUES (22, 'NULL', '2019-12-20', 'I''ll', '/images/22.png',  2, 3, 1);
INSERT INTO REDDIT_POST  (POST_ID, CONTENT, CREATED_AT, TITLE, PIC, VOTES, PARENT_ID, USER_ID) VALUES (23, 'NULL', '2019-12-20', 'be', '/images/23.png',  2, 4, 1);
INSERT INTO REDDIT_POST  (POST_ID, CONTENT, CREATED_AT, TITLE, PIC, VOTES, PARENT_ID, USER_ID) VALUES (24, 'NULL', '2019-12-20', 'coming', '/images/24.png',  2, 1, 1);
INSERT INTO REDDIT_POST  (POST_ID, CONTENT, CREATED_AT, TITLE, PIC, VOTES, PARENT_ID, USER_ID) VALUES (25, 'NULL', '2019-12-20', 'for', '/images/25.png',  2, 2, 1);
INSERT INTO REDDIT_POST  (POST_ID, CONTENT, CREATED_AT, TITLE, PIC, VOTES, PARENT_ID, USER_ID) VALUES (26, 'NULL', '2019-12-20', 'your', '/images/26.png',  2, 3, 1);
INSERT INTO REDDIT_POST  (POST_ID, CONTENT, CREATED_AT, TITLE, PIC, VOTES, PARENT_ID, USER_ID) VALUES (27, 'NULL', '2019-12-20', 'love,', '/images/27.png',  2, 4, 1);
INSERT INTO REDDIT_POST  (POST_ID, CONTENT, CREATED_AT, TITLE, PIC, VOTES, PARENT_ID, USER_ID) VALUES (28, 'NULL', '2019-12-20', 'okay?', '/images/28.png',  2, 1, 1);
INSERT INTO REDDIT_POST  (POST_ID, CONTENT, CREATED_AT, TITLE, PIC, VOTES, PARENT_ID, USER_ID) VALUES (29, 'NULL', '2019-12-20', 'Take', '/images/29.png',  2, 2, 1);
INSERT INTO REDDIT_POST  (POST_ID, CONTENT, CREATED_AT, TITLE, PIC, VOTES, PARENT_ID, USER_ID) VALUES (30, 'NULL', '2019-12-20', 'on', '/images/30.png',  2, 3, 1);
INSERT INTO REDDIT_POST  (POST_ID, CONTENT, CREATED_AT, TITLE, PIC, VOTES, PARENT_ID, USER_ID) VALUES (31, 'NULL', '2019-12-20', 'me', '/images/31.png',  2, 4, 1);
INSERT INTO REDDIT_POST  (POST_ID, CONTENT, CREATED_AT, TITLE, PIC, VOTES, PARENT_ID, USER_ID) VALUES (32, 'NULL', '2019-12-20', '(take', '/images/32.png',  2, 1, 1);
INSERT INTO REDDIT_POST  (POST_ID, CONTENT, CREATED_AT, TITLE, PIC, VOTES, PARENT_ID, USER_ID) VALUES (33, 'NULL', '2019-12-20', 'on', '/images/33.png',  2, 2, 1);
INSERT INTO REDDIT_POST  (POST_ID, CONTENT, CREATED_AT, TITLE, PIC, VOTES, PARENT_ID, USER_ID) VALUES (34, 'NULL', '2019-12-20', 'me)', '/images/34.png',  2, 3, 1);
INSERT INTO REDDIT_POST  (POST_ID, CONTENT, CREATED_AT, TITLE, PIC, VOTES, PARENT_ID, USER_ID) VALUES (35, 'NULL', '2019-12-20', 'Take', '/images/35.png',  2, 4, 1);
INSERT INTO REDDIT_POST  (POST_ID, CONTENT, CREATED_AT, TITLE, PIC, VOTES, PARENT_ID, USER_ID) VALUES (36, 'NULL', '2019-12-20', 'me', '/images/36.png',  2, 1, 1);
INSERT INTO REDDIT_POST  (POST_ID, CONTENT, CREATED_AT, TITLE, PIC, VOTES, PARENT_ID, USER_ID) VALUES (37, 'NULL', '2019-12-20', 'on', '/images/37.png',  2, 2, 1);
INSERT INTO REDDIT_POST  (POST_ID, CONTENT, CREATED_AT, TITLE, PIC, VOTES, PARENT_ID, USER_ID) VALUES (38, 'NULL', '2019-12-20', '(take', '/images/38.png',  2, 3, 1);
INSERT INTO REDDIT_POST  (POST_ID, CONTENT, CREATED_AT, TITLE, PIC, VOTES, PARENT_ID, USER_ID) VALUES (39, 'NULL', '2019-12-20', 'on', '/images/39.png',  2, 4, 1);
INSERT INTO REDDIT_POST  (POST_ID, CONTENT, CREATED_AT, TITLE, PIC, VOTES, PARENT_ID, USER_ID) VALUES (40, 'NULL', '2019-12-20', 'me)', '/images/40.png',  2, 1, 1);
INSERT INTO REDDIT_POST  (POST_ID, CONTENT, CREATED_AT, TITLE, PIC, VOTES, PARENT_ID, USER_ID) VALUES (41, 'NULL', '2019-12-20', 'I''ll', '/images/41.png',  2, 2, 1);
INSERT INTO REDDIT_POST  (POST_ID, CONTENT, CREATED_AT, TITLE, PIC, VOTES, PARENT_ID, USER_ID) VALUES (42, 'NULL', '2019-12-20', 'be', '/images/42.png',  2, 3, 1);
INSERT INTO REDDIT_POST  (POST_ID, CONTENT, CREATED_AT, TITLE, PIC, VOTES, PARENT_ID, USER_ID) VALUES (43, 'NULL', '2019-12-20', 'gone', '/images/43.png',  2, 4, 1);
INSERT INTO REDDIT_POST  (POST_ID, CONTENT, CREATED_AT, TITLE, PIC, VOTES, PARENT_ID, USER_ID) VALUES (44, 'NULL', '2019-12-20', 'In', '/images/44.png',  2, 1, 1);
INSERT INTO REDDIT_POST  (POST_ID, CONTENT, CREATED_AT, TITLE, PIC, VOTES, PARENT_ID, USER_ID) VALUES (45, 'NULL', '2019-12-20', 'a', '/images/45.png',  2, 2, 1);
INSERT INTO REDDIT_POST  (POST_ID, CONTENT, CREATED_AT, TITLE, PIC, VOTES, PARENT_ID, USER_ID) VALUES (46, 'NULL', '2019-12-20', 'day', '/images/46.png',  2, 3, 1);
INSERT INTO REDDIT_POST  (POST_ID, CONTENT, CREATED_AT, TITLE, PIC, VOTES, PARENT_ID, USER_ID) VALUES (47, 'NULL', '2019-12-20', 'or', '/images/47.png',  2, 4, 1);
INSERT INTO REDDIT_POST  (POST_ID, CONTENT, CREATED_AT, TITLE, PIC, VOTES, PARENT_ID, USER_ID) VALUES (48, 'NULL', '2019-12-20', 'two', '/images/48.png',  2, 1, 1);
INSERT INTO REDDIT_POST  (POST_ID, CONTENT, CREATED_AT, TITLE, PIC, VOTES, PARENT_ID, USER_ID) VALUES (49, 'NULL', '2019-12-20', 'So', '/images/49.png',  2, 2, 1);
INSERT INTO REDDIT_POST  (POST_ID, CONTENT, CREATED_AT, TITLE, PIC, VOTES, PARENT_ID, USER_ID) VALUES (50, 'NULL', '2019-12-20', 'needless', '/images/50.png',  2, 3, 1);
INSERT INTO REDDIT_POST  (POST_ID, CONTENT, CREATED_AT, TITLE, PIC, VOTES, PARENT_ID, USER_ID) VALUES (51, 'NULL', '2019-12-20', 'to', '/images/51.png',  2, 4, 1);
INSERT INTO REDDIT_POST  (POST_ID, CONTENT, CREATED_AT, TITLE, PIC, VOTES, PARENT_ID, USER_ID) VALUES (52, 'NULL', '2019-12-20', 'say', '/images/52.png',  2, 1, 1);
INSERT INTO REDDIT_POST  (POST_ID, CONTENT, CREATED_AT, TITLE, PIC, VOTES, PARENT_ID, USER_ID) VALUES (53, 'NULL', '2019-12-20', 'I''m', '/images/53.png',  2, 2, 1);
INSERT INTO REDDIT_POST  (POST_ID, CONTENT, CREATED_AT, TITLE, PIC, VOTES, PARENT_ID, USER_ID) VALUES (54, 'NULL', '2019-12-20', 'odds', '/images/54.png',  2, 3, 1);
INSERT INTO REDDIT_POST  (POST_ID, CONTENT, CREATED_AT, TITLE, PIC, VOTES, PARENT_ID, USER_ID) VALUES (55, 'NULL', '2019-12-20', 'and', '/images/55.png',  2, 4, 1);
INSERT INTO REDDIT_POST  (POST_ID, CONTENT, CREATED_AT, TITLE, PIC, VOTES, PARENT_ID, USER_ID) VALUES (56, 'NULL', '2019-12-20', 'ends', '/images/56.png',  2, 1, 1);
INSERT INTO REDDIT_POST  (POST_ID, CONTENT, CREATED_AT, TITLE, PIC, VOTES, PARENT_ID, USER_ID) VALUES (57, 'NULL', '2019-12-20', 'But', '/images/57.png',  2, 2, 1);
INSERT INTO REDDIT_POST  (POST_ID, CONTENT, CREATED_AT, TITLE, PIC, VOTES, PARENT_ID, USER_ID) VALUES (58, 'NULL', '2019-12-20', 'I''ll', '/images/58.png',  2, 3, 1);
INSERT INTO REDDIT_POST  (POST_ID, CONTENT, CREATED_AT, TITLE, PIC, VOTES, PARENT_ID, USER_ID) VALUES (59, 'NULL', '2019-12-20', 'be', '/images/59.png',  2, 4, 1);
INSERT INTO REDDIT_POST  (POST_ID, CONTENT, CREATED_AT, TITLE, PIC, VOTES, PARENT_ID, USER_ID) VALUES (60, 'NULL', '2019-12-20', 'stumbling', '/images/60.png',  2, 1, 1);
INSERT INTO REDDIT_POST  (POST_ID, CONTENT, CREATED_AT, TITLE, PIC, VOTES, PARENT_ID, USER_ID) VALUES (61, 'NULL', '2019-12-20', 'away', '/images/61.png',  2, 2, 1);
INSERT INTO REDDIT_POST  (POST_ID, CONTENT, CREATED_AT, TITLE, PIC, VOTES, PARENT_ID, USER_ID) VALUES (62, 'NULL', '2019-12-20', 'Slowly', '/images/62.png',  2, 3, 1);
INSERT INTO REDDIT_POST  (POST_ID, CONTENT, CREATED_AT, TITLE, PIC, VOTES, PARENT_ID, USER_ID) VALUES (63, 'NULL', '2019-12-20', 'learning', '/images/63.png',  2, 4, 1);
INSERT INTO REDDIT_POST  (POST_ID, CONTENT, CREATED_AT, TITLE, PIC, VOTES, PARENT_ID, USER_ID) VALUES (64, 'NULL', '2019-12-20', 'that', '/images/64.png',  2, 1, 1);
INSERT INTO REDDIT_POST  (POST_ID, CONTENT, CREATED_AT, TITLE, PIC, VOTES, PARENT_ID, USER_ID) VALUES (65, 'NULL', '2019-12-20', 'life', '/images/65.png',  2, 2, 1);
INSERT INTO REDDIT_POST  (POST_ID, CONTENT, CREATED_AT, TITLE, PIC, VOTES, PARENT_ID, USER_ID) VALUES (66, 'NULL', '2019-12-20', 'is', '/images/66.png',  2, 3, 1);
INSERT INTO REDDIT_POST  (POST_ID, CONTENT, CREATED_AT, TITLE, PIC, VOTES, PARENT_ID, USER_ID) VALUES (67, 'NULL', '2019-12-20', 'okay', '/images/67.png',  2, 4, 1);
INSERT INTO REDDIT_POST  (POST_ID, CONTENT, CREATED_AT, TITLE, PIC, VOTES, PARENT_ID, USER_ID) VALUES (68, 'NULL', '2019-12-20', 'Say', '/images/68.png',  2, 1, 1);
INSERT INTO REDDIT_POST  (POST_ID, CONTENT, CREATED_AT, TITLE, PIC, VOTES, PARENT_ID, USER_ID) VALUES (69, 'NULL', '2019-12-20', 'after', '/images/69.png',  2, 2, 1);
INSERT INTO REDDIT_POST  (POST_ID, CONTENT, CREATED_AT, TITLE, PIC, VOTES, PARENT_ID, USER_ID) VALUES (70, 'NULL', '2019-12-20', 'me', '/images/70.png',  2, 3, 1);
INSERT INTO REDDIT_POST  (POST_ID, CONTENT, CREATED_AT, TITLE, PIC, VOTES, PARENT_ID, USER_ID) VALUES (71, 'NULL', '2019-12-20', 'It''s', '/images/71.png',  2, 4, 1);
INSERT INTO REDDIT_POST  (POST_ID, CONTENT, CREATED_AT, TITLE, PIC, VOTES, PARENT_ID, USER_ID) VALUES (72, 'NULL', '2019-12-20', 'no', '/images/72.png',  2, 1, 1);
INSERT INTO REDDIT_POST  (POST_ID, CONTENT, CREATED_AT, TITLE, PIC, VOTES, PARENT_ID, USER_ID) VALUES (73, 'NULL', '2019-12-20', 'better', '/images/73.png',  2, 2, 1);
INSERT INTO REDDIT_POST  (POST_ID, CONTENT, CREATED_AT, TITLE, PIC, VOTES, PARENT_ID, USER_ID) VALUES (74, 'NULL', '2019-12-20', 'to', '/images/74.png',  2, 3, 1);
INSERT INTO REDDIT_POST  (POST_ID, CONTENT, CREATED_AT, TITLE, PIC, VOTES, PARENT_ID, USER_ID) VALUES (75, 'NULL', '2019-12-20', 'be', '/images/75.png',  2, 4, 1);
INSERT INTO REDDIT_POST  (POST_ID, CONTENT, CREATED_AT, TITLE, PIC, VOTES, PARENT_ID, USER_ID) VALUES (76, 'NULL', '2019-12-20', 'safe', '/images/76.png',  2, 1, 1);
INSERT INTO REDDIT_POST  (POST_ID, CONTENT, CREATED_AT, TITLE, PIC, VOTES, PARENT_ID, USER_ID) VALUES (77, 'NULL', '2019-12-20', 'than', '/images/77.png',  2, 2, 1);
INSERT INTO REDDIT_POST  (POST_ID, CONTENT, CREATED_AT, TITLE, PIC, VOTES, PARENT_ID, USER_ID) VALUES (78, 'NULL', '2019-12-20', 'sorry', '/images/78.png',  2, 3, 1);
INSERT INTO REDDIT_POST  (POST_ID, CONTENT, CREATED_AT, TITLE, PIC, VOTES, PARENT_ID, USER_ID) VALUES (79, 'NULL', '2019-12-20', 'Take', '/images/79.png',  2, 4, 1);
INSERT INTO REDDIT_POST  (POST_ID, CONTENT, CREATED_AT, TITLE, PIC, VOTES, PARENT_ID, USER_ID) VALUES (80, 'NULL', '2019-12-20', 'on', '/images/80.png',  2, 1, 1);
INSERT INTO REDDIT_POST  (POST_ID, CONTENT, CREATED_AT, TITLE, PIC, VOTES, PARENT_ID, USER_ID) VALUES (81, 'NULL', '2019-12-20', 'me', '/images/81.png',  2, 2, 1);
INSERT INTO REDDIT_POST  (POST_ID, CONTENT, CREATED_AT, TITLE, PIC, VOTES, PARENT_ID, USER_ID) VALUES (82, 'NULL', '2019-12-20', '(take', '/images/82.png',  2, 3, 1);
INSERT INTO REDDIT_POST  (POST_ID, CONTENT, CREATED_AT, TITLE, PIC, VOTES, PARENT_ID, USER_ID) VALUES (83, 'NULL', '2019-12-20', 'on', '/images/83.png',  2, 4, 1);
INSERT INTO REDDIT_POST  (POST_ID, CONTENT, CREATED_AT, TITLE, PIC, VOTES, PARENT_ID, USER_ID) VALUES (84, 'NULL', '2019-12-20', 'me)', '/images/84.png',  2, 1, 1);
INSERT INTO REDDIT_POST  (POST_ID, CONTENT, CREATED_AT, TITLE, PIC, VOTES, PARENT_ID, USER_ID) VALUES (85, 'NULL', '2019-12-20', 'Take', '/images/85.png',  2, 2, 1);
INSERT INTO REDDIT_POST  (POST_ID, CONTENT, CREATED_AT, TITLE, PIC, VOTES, PARENT_ID, USER_ID) VALUES (86, 'NULL', '2019-12-20', 'me', '/images/86.png',  2, 3, 1);
INSERT INTO REDDIT_POST  (POST_ID, CONTENT, CREATED_AT, TITLE, PIC, VOTES, PARENT_ID, USER_ID) VALUES (87, 'NULL', '2019-12-20', 'on', '/images/87.png',  2, 4, 1);
INSERT INTO REDDIT_POST  (POST_ID, CONTENT, CREATED_AT, TITLE, PIC, VOTES, PARENT_ID, USER_ID) VALUES (88, 'NULL', '2019-12-20', '(take', '/images/88.png',  2, 1, 1);
INSERT INTO REDDIT_POST  (POST_ID, CONTENT, CREATED_AT, TITLE, PIC, VOTES, PARENT_ID, USER_ID) VALUES (89, 'NULL', '2019-12-20', 'on', '/images/89.png',  2, 2, 1);
INSERT INTO REDDIT_POST  (POST_ID, CONTENT, CREATED_AT, TITLE, PIC, VOTES, PARENT_ID, USER_ID) VALUES (90, 'NULL', '2019-12-20', 'me)', '/images/90.png',  2, 3, 1);
INSERT INTO REDDIT_POST  (POST_ID, CONTENT, CREATED_AT, TITLE, PIC, VOTES, PARENT_ID, USER_ID) VALUES (91, 'NULL', '2019-12-20', 'I''ll', '/images/91.png',  2, 4, 1);
INSERT INTO REDDIT_POST  (POST_ID, CONTENT, CREATED_AT, TITLE, PIC, VOTES, PARENT_ID, USER_ID) VALUES (92, 'NULL', '2019-12-20', 'be', '/images/92.png',  2, 1, 1);
INSERT INTO REDDIT_POST  (POST_ID, CONTENT, CREATED_AT, TITLE, PIC, VOTES, PARENT_ID, USER_ID) VALUES (93, 'NULL', '2019-12-20', 'gone', '/images/93.png',  2, 2, 1);
INSERT INTO REDDIT_POST  (POST_ID, CONTENT, CREATED_AT, TITLE, PIC, VOTES, PARENT_ID, USER_ID) VALUES (94, 'NULL', '2019-12-20', 'In', '/images/94.png',  2, 3, 1);
INSERT INTO REDDIT_POST  (POST_ID, CONTENT, CREATED_AT, TITLE, PIC, VOTES, PARENT_ID, USER_ID) VALUES (95, 'NULL', '2019-12-20', 'a', '/images/95.png',  2, 4, 1);
INSERT INTO REDDIT_POST  (POST_ID, CONTENT, CREATED_AT, TITLE, PIC, VOTES, PARENT_ID, USER_ID) VALUES (96, 'NULL', '2019-12-20', 'day', '/images/96.png',  2, 1, 1);
INSERT INTO REDDIT_POST  (POST_ID, CONTENT, CREATED_AT, TITLE, PIC, VOTES, PARENT_ID, USER_ID) VALUES (97, 'NULL', '2019-12-20', 'or', '/images/97.png',  2, 2, 1);
INSERT INTO REDDIT_POST  (POST_ID, CONTENT, CREATED_AT, TITLE, PIC, VOTES, PARENT_ID, USER_ID) VALUES (98, 'NULL', '2019-12-20', 'two', '/images/98.png',  2, 3, 1);
INSERT INTO REDDIT_POST  (POST_ID, CONTENT, CREATED_AT, TITLE, PIC, VOTES, PARENT_ID, USER_ID) VALUES (99, 'NULL', '2019-12-20', 'We''re', '/images/99.png',  2, 4, 1);
INSERT INTO REDDIT_POST  (POST_ID, CONTENT, CREATED_AT, TITLE, PIC, VOTES, PARENT_ID, USER_ID) VALUES (100, 'NULL', '2019-12-20', 'talking', '/images/100.png',  2, 1, 1);
INSERT INTO REDDIT_POST  (POST_ID, CONTENT, CREATED_AT, TITLE, PIC, VOTES, PARENT_ID, USER_ID) VALUES (101, 'NULL', '2019-12-20', 'away', '/images/101.png',  2, 2, 1);
INSERT INTO REDDIT_POST  (POST_ID, CONTENT, CREATED_AT, TITLE, PIC, VOTES, PARENT_ID, USER_ID) VALUES (102, 'NULL', '2019-12-20', 'I', '/images/102.png',  2, 3, 1);
INSERT INTO REDDIT_POST  (POST_ID, CONTENT, CREATED_AT, TITLE, PIC, VOTES, PARENT_ID, USER_ID) VALUES (103, 'NULL', '2019-12-20', 'don''t', '/images/103.png',  2, 4, 1);
INSERT INTO REDDIT_POST  (POST_ID, CONTENT, CREATED_AT, TITLE, PIC, VOTES, PARENT_ID, USER_ID) VALUES (104, 'NULL', '2019-12-20', 'know', '/images/104.png',  2, 1, 1);
INSERT INTO REDDIT_POST  (POST_ID, CONTENT, CREATED_AT, TITLE, PIC, VOTES, PARENT_ID, USER_ID) VALUES (105, 'NULL', '2019-12-20', 'what', '/images/105.png',  2, 2, 1);
INSERT INTO REDDIT_POST  (POST_ID, CONTENT, CREATED_AT, TITLE, PIC, VOTES, PARENT_ID, USER_ID) VALUES (106, 'NULL', '2019-12-20', 'I''m', '/images/106.png',  2, 3, 1);
INSERT INTO REDDIT_POST  (POST_ID, CONTENT, CREATED_AT, TITLE, PIC, VOTES, PARENT_ID, USER_ID) VALUES (107, 'NULL', '2019-12-20', 'to', '/images/107.png',  2, 4, 1);
INSERT INTO REDDIT_POST  (POST_ID, CONTENT, CREATED_AT, TITLE, PIC, VOTES, PARENT_ID, USER_ID) VALUES (108, 'NULL', '2019-12-20', 'say', '/images/108.png',  2, 1, 1);
INSERT INTO REDDIT_POST  (POST_ID, CONTENT, CREATED_AT, TITLE, PIC, VOTES, PARENT_ID, USER_ID) VALUES (109, 'NULL', '2019-12-20', 'I''ll', '/images/109.png',  2, 2, 1);
INSERT INTO REDDIT_POST  (POST_ID, CONTENT, CREATED_AT, TITLE, PIC, VOTES, PARENT_ID, USER_ID) VALUES (110, 'NULL', '2019-12-20', 'say', '/images/110.png',  2, 3, 1);
INSERT INTO REDDIT_POST  (POST_ID, CONTENT, CREATED_AT, TITLE, PIC, VOTES, PARENT_ID, USER_ID) VALUES (111, 'NULL', '2019-12-20', 'it', '/images/111.png',  2, 4, 1);
INSERT INTO REDDIT_POST  (POST_ID, CONTENT, CREATED_AT, TITLE, PIC, VOTES, PARENT_ID, USER_ID) VALUES (112, 'NULL', '2019-12-20', 'anyway', '/images/112.png',  2, 1, 1);
INSERT INTO REDDIT_POST  (POST_ID, CONTENT, CREATED_AT, TITLE, PIC, VOTES, PARENT_ID, USER_ID) VALUES (113, 'NULL', '2019-12-20', 'Today''s', '/images/113.png',  2, 2, 1);
INSERT INTO REDDIT_POST  (POST_ID, CONTENT, CREATED_AT, TITLE, PIC, VOTES, PARENT_ID, USER_ID) VALUES (114, 'NULL', '2019-12-20', 'another', '/images/114.png',  2, 3, 1);
INSERT INTO REDDIT_POST  (POST_ID, CONTENT, CREATED_AT, TITLE, PIC, VOTES, PARENT_ID, USER_ID) VALUES (115, 'NULL', '2019-12-20', 'day', '/images/115.png',  2, 4, 1);
INSERT INTO REDDIT_POST  (POST_ID, CONTENT, CREATED_AT, TITLE, PIC, VOTES, PARENT_ID, USER_ID) VALUES (116, 'NULL', '2019-12-20', 'to', '/images/116.png',  2, 1, 1);
INSERT INTO REDDIT_POST  (POST_ID, CONTENT, CREATED_AT, TITLE, PIC, VOTES, PARENT_ID, USER_ID) VALUES (117, 'NULL', '2019-12-20', 'find', '/images/117.png',  2, 2, 1);
INSERT INTO REDDIT_POST  (POST_ID, CONTENT, CREATED_AT, TITLE, PIC, VOTES, PARENT_ID, USER_ID) VALUES (118, 'NULL', '2019-12-20', 'you', '/images/118.png',  2, 3, 1);
INSERT INTO REDDIT_POST  (POST_ID, CONTENT, CREATED_AT, TITLE, PIC, VOTES, PARENT_ID, USER_ID) VALUES (119, 'NULL', '2019-12-20', 'Shying', '/images/119.png',  2, 4, 1);
INSERT INTO REDDIT_POST  (POST_ID, CONTENT, CREATED_AT, TITLE, PIC, VOTES, PARENT_ID, USER_ID) VALUES (120, 'NULL', '2019-12-20', 'away', '/images/120.png',  2, 1, 1);
INSERT INTO REDDIT_POST  (POST_ID, CONTENT, CREATED_AT, TITLE, PIC, VOTES, PARENT_ID, USER_ID) VALUES (121, 'NULL', '2019-12-20', 'I''ll', '/images/121.png',  2, 2, 1);
INSERT INTO REDDIT_POST  (POST_ID, CONTENT, CREATED_AT, TITLE, PIC, VOTES, PARENT_ID, USER_ID) VALUES (122, 'NULL', '2019-12-20', 'be', '/images/122.png',  2, 3, 1);
INSERT INTO REDDIT_POST  (POST_ID, CONTENT, CREATED_AT, TITLE, PIC, VOTES, PARENT_ID, USER_ID) VALUES (123, 'NULL', '2019-12-20', 'coming', '/images/123.png',  2, 4, 1);
INSERT INTO REDDIT_POST  (POST_ID, CONTENT, CREATED_AT, TITLE, PIC, VOTES, PARENT_ID, USER_ID) VALUES (124, 'NULL', '2019-12-20', 'for', '/images/124.png',  2, 1, 1);
INSERT INTO REDDIT_POST  (POST_ID, CONTENT, CREATED_AT, TITLE, PIC, VOTES, PARENT_ID, USER_ID) VALUES (125, 'NULL', '2019-12-20', 'your', '/images/125.png',  2, 2, 1);
INSERT INTO REDDIT_POST  (POST_ID, CONTENT, CREATED_AT, TITLE, PIC, VOTES, PARENT_ID, USER_ID) VALUES (126, 'NULL', '2019-12-20', 'love,', '/images/126.png',  2, 3, 1);
INSERT INTO REDDIT_POST  (POST_ID, CONTENT, CREATED_AT, TITLE, PIC, VOTES, PARENT_ID, USER_ID) VALUES (127, 'NULL', '2019-12-20', 'okay?', '/images/127.png',  2, 4, 1);
INSERT INTO REDDIT_POST  (POST_ID, CONTENT, CREATED_AT, TITLE, PIC, VOTES, PARENT_ID, USER_ID) VALUES (128, 'NULL', '2019-12-20', 'Take', '/images/128.png',  2, 1, 1);
INSERT INTO REDDIT_POST  (POST_ID, CONTENT, CREATED_AT, TITLE, PIC, VOTES, PARENT_ID, USER_ID) VALUES (129, 'NULL', '2019-12-20', 'on', '/images/129.png',  2, 2, 1);
INSERT INTO REDDIT_POST  (POST_ID, CONTENT, CREATED_AT, TITLE, PIC, VOTES, PARENT_ID, USER_ID) VALUES (130, 'NULL', '2019-12-20', 'me', '/images/130.png',  2, 3, 1);
INSERT INTO REDDIT_POST  (POST_ID, CONTENT, CREATED_AT, TITLE, PIC, VOTES, PARENT_ID, USER_ID) VALUES (131, 'NULL', '2019-12-20', '(take', '/images/131.png',  2, 4, 1);
INSERT INTO REDDIT_POST  (POST_ID, CONTENT, CREATED_AT, TITLE, PIC, VOTES, PARENT_ID, USER_ID) VALUES (132, 'NULL', '2019-12-20', 'on', '/images/132.png',  2, 1, 1);
INSERT INTO REDDIT_POST  (POST_ID, CONTENT, CREATED_AT, TITLE, PIC, VOTES, PARENT_ID, USER_ID) VALUES (133, 'NULL', '2019-12-20', 'me)', '/images/133.png',  2, 2, 1);
INSERT INTO REDDIT_POST  (POST_ID, CONTENT, CREATED_AT, TITLE, PIC, VOTES, PARENT_ID, USER_ID) VALUES (134, 'NULL', '2019-12-20', 'Take', '/images/134.png',  2, 3, 1);
INSERT INTO REDDIT_POST  (POST_ID, CONTENT, CREATED_AT, TITLE, PIC, VOTES, PARENT_ID, USER_ID) VALUES (135, 'NULL', '2019-12-20', 'me', '/images/135.png',  2, 4, 1);
INSERT INTO REDDIT_POST  (POST_ID, CONTENT, CREATED_AT, TITLE, PIC, VOTES, PARENT_ID, USER_ID) VALUES (136, 'NULL', '2019-12-20', 'on', '/images/136.png',  2, 1, 1);
INSERT INTO REDDIT_POST  (POST_ID, CONTENT, CREATED_AT, TITLE, PIC, VOTES, PARENT_ID, USER_ID) VALUES (137, 'NULL', '2019-12-20', '(take', '/images/137.png',  2, 2, 1);
INSERT INTO REDDIT_POST  (POST_ID, CONTENT, CREATED_AT, TITLE, PIC, VOTES, PARENT_ID, USER_ID) VALUES (138, 'NULL', '2019-12-20', 'on', '/images/138.png',  2, 3, 1);
INSERT INTO REDDIT_POST  (POST_ID, CONTENT, CREATED_AT, TITLE, PIC, VOTES, PARENT_ID, USER_ID) VALUES (139, 'NULL', '2019-12-20', 'me)', '/images/139.png',  2, 4, 1);
INSERT INTO REDDIT_POST  (POST_ID, CONTENT, CREATED_AT, TITLE, PIC, VOTES, PARENT_ID, USER_ID) VALUES (140, 'NULL', '2019-12-20', 'I''ll', '/images/140.png',  2, 1, 1);
INSERT INTO REDDIT_POST  (POST_ID, CONTENT, CREATED_AT, TITLE, PIC, VOTES, PARENT_ID, USER_ID) VALUES (141, 'NULL', '2019-12-20', 'be', '/images/141.png',  2, 2, 1);
INSERT INTO REDDIT_POST  (POST_ID, CONTENT, CREATED_AT, TITLE, PIC, VOTES, PARENT_ID, USER_ID) VALUES (142, 'NULL', '2019-12-20', 'gone', '/images/142.png',  2, 3, 1);
INSERT INTO REDDIT_POST  (POST_ID, CONTENT, CREATED_AT, TITLE, PIC, VOTES, PARENT_ID, USER_ID) VALUES (143, 'NULL', '2019-12-20', 'In', '/images/143.png',  2, 4, 1);
INSERT INTO REDDIT_POST  (POST_ID, CONTENT, CREATED_AT, TITLE, PIC, VOTES, PARENT_ID, USER_ID) VALUES (144, 'NULL', '2019-12-20', 'a', '/images/144.png',  2, 1, 1);
INSERT INTO REDDIT_POST  (POST_ID, CONTENT, CREATED_AT, TITLE, PIC, VOTES, PARENT_ID, USER_ID) VALUES (145, 'NULL', '2019-12-20', 'day', '/images/145.png',  2, 2, 1);
INSERT INTO REDDIT_POST  (POST_ID, CONTENT, CREATED_AT, TITLE, PIC, VOTES, PARENT_ID, USER_ID) VALUES (146, 'NULL', '2019-12-20', 'or', '/images/146.png',  2, 3, 1);
INSERT INTO REDDIT_POST  (POST_ID, CONTENT, CREATED_AT, TITLE, PIC, VOTES, PARENT_ID, USER_ID) VALUES (147, 'NULL', '2019-12-20', 'two', '/images/147.png',  2, 4, 1);
INSERT INTO REDDIT_POST  (POST_ID, CONTENT, CREATED_AT, TITLE, PIC, VOTES, PARENT_ID, USER_ID) VALUES (148, 'NULL', '2019-12-20', 'So', '/images/148.png',  2, 1, 1);
INSERT INTO REDDIT_POST  (POST_ID, CONTENT, CREATED_AT, TITLE, PIC, VOTES, PARENT_ID, USER_ID) VALUES (149, 'NULL', '2019-12-20', 'needless', '/images/149.png',  2, 2, 1);
INSERT INTO REDDIT_POST  (POST_ID, CONTENT, CREATED_AT, TITLE, PIC, VOTES, PARENT_ID, USER_ID) VALUES (150, 'NULL', '2019-12-20', 'to', '/images/150.png',  2, 3, 1);
INSERT INTO REDDIT_POST  (POST_ID, CONTENT, CREATED_AT, TITLE, PIC, VOTES, PARENT_ID, USER_ID) VALUES (151, 'NULL', '2019-12-20', 'say', '/images/151.png',  2, 4, 1);
INSERT INTO REDDIT_POST  (POST_ID, CONTENT, CREATED_AT, TITLE, PIC, VOTES, PARENT_ID, USER_ID) VALUES (152, 'NULL', '2019-12-20', 'I''m', '/images/152.png',  2, 1, 1);
INSERT INTO REDDIT_POST  (POST_ID, CONTENT, CREATED_AT, TITLE, PIC, VOTES, PARENT_ID, USER_ID) VALUES (153, 'NULL', '2019-12-20', 'odds', '/images/153.png',  2, 2, 1);


INSERT INTO SUBBREDDITS_OWNERS  (SUBREDDIT_ID , USER_ID ) VALUES (1, 2);
INSERT INTO SUBBREDDITS_OWNERS  (SUBREDDIT_ID , USER_ID ) VALUES (2, 2);
INSERT INTO SUBBREDDITS_OWNERS  (SUBREDDIT_ID , USER_ID ) VALUES (3, 1);
INSERT INTO SUBBREDDITS_OWNERS  (SUBREDDIT_ID , USER_ID ) VALUES (4, 2);

INSERT INTO SUBBREDDITS_SUBSCRIBERS  (SUBREDDIT_ID, USER_ID ) VALUES (1, 1);
INSERT INTO SUBBREDDITS_SUBSCRIBERS  (SUBREDDIT_ID, USER_ID ) VALUES (1, 2);
INSERT INTO SUBBREDDITS_SUBSCRIBERS  (SUBREDDIT_ID, USER_ID ) VALUES (2, 1);
INSERT INTO SUBBREDDITS_SUBSCRIBERS  (SUBREDDIT_ID, USER_ID ) VALUES (2, 2);

INSERT INTO COMMENT  (COMMENT_ID, TEXT, VOTES, POST_ID, USER_ID) VALUES (1, 'nice', 1, 1, 2);
INSERT INTO COMMENT  (COMMENT_ID, TEXT, VOTES, POST_ID, USER_ID) VALUES (2, 'nice', 1, 1, 2);